{
    "train_accuracy": 0.6337122917175293,
    "val_accuracy": 0.5963772535324097,
    "f1_score": 0.4015558436747545
}
